{
  "label": 0,
  "edges": [
    [
      0,
      1
    ],
    [
      1,
      4
    ],
    [
      2,
      3
    ],
    [
      2,
      4
    ],
    [
      3,
      4
    ]
  ],
  "features": {
    "0": [
      0.2756632816814222,
      0.40082893585627555,
      0.9224393431626348,
      0.022242652420622955,
      0.6437554050647564
    ],
    "1": [
      0.8233414572419808,
      0.6233269485073137,
      0.025531481247141885,
      0.47904763929318295,
      0.7955584945912122
    ],
    "2": [
      0.34803220091318565,
      0.6412358549427981,
      0.0523824470333949,
      0.195745953853802,
      0.11952702239348345
    ],
    "3": [
      0.5864011321323188,
      0.3530444807278511,
      0.5025017781479257,
      0.5594216511434187,
      0.3764057148279314
    ],
    "4": [
      0.6904810218055213,
      0.4918492478186278,
      0.809624632324483,
      0.8381535196430829,
      0.09006460188272136
    ]
  }
}