{
  "label": 1,
  "edges": [
    [
      0,
      1
    ],
    [
      0,
      2
    ],
    [
      0,
      4
    ],
    [
      1,
      2
    ],
    [
      2,
      4
    ],
    [
      3,
      4
    ]
  ],
  "features": {
    "0": [
      0.15653466200939548,
      0.2873728164596885,
      0.10404070542370336,
      0.9279885548752288,
      0.056474658647132525
    ],
    "1": [
      0.7031982575635493,
      0.8675862275946374,
      0.7531200960779205,
      0.390732988982625,
      0.9941355055049302
    ],
    "2": [
      0.4858619455891392,
      0.896506016952345,
      0.6825837289881466,
      0.2355279437504667,
      0.6465530975138616
    ],
    "3": [
      0.8829727236283039,
      0.9125074588323505,
      0.5453937922486192,
      0.21116922161250995,
      0.26418194180457955
    ],
    "4": [
      0.026169037827375452,
      0.3985128382503551,
      0.6650010551166157,
      0.054219736089242465,
      0.5421647062839469
    ]
  }
}