{
  "label": 0,
  "edges": [
    [
      0,
      1
    ],
    [
      0,
      4
    ],
    [
      1,
      2
    ],
    [
      1,
      3
    ],
    [
      2,
      3
    ],
    [
      3,
      4
    ]
  ],
  "features": {
    "0": [
      0.5327986997974192,
      0.6371339977986542,
      0.6115587184282145,
      0.44531935440280357,
      0.1025543187885326
    ],
    "1": [
      0.6396636740941966,
      0.45446150855906,
      0.04717813458163511,
      0.057824191692950944,
      0.15109962599067717
    ],
    "2": [
      0.17755578302598363,
      0.6266092424657485,
      0.45978096032339266,
      0.26366504834653004,
      0.10701648589019697
    ],
    "3": [
      0.2749317526282732,
      0.1991710999972197,
      0.30585730846537107,
      0.745384360138519,
      0.3652280920231702
    ],
    "4": [
      0.8368916221086975,
      0.377614599825427,
      0.7095616506002571,
      0.5897816980484593,
      0.5665370606130207
    ]
  }
}