{
  "label": 0,
  "edges": [
    [
      0,
      1
    ],
    [
      0,
      2
    ],
    [
      0,
      3
    ],
    [
      1,
      2
    ],
    [
      2,
      4
    ]
  ],
  "features": {
    "0": [
      0.26846115918988267,
      0.2987904774936082,
      0.0016547207425694488,
      0.27683257205356204,
      0.8671161030205671
    ],
    "1": [
      0.08954414927306531,
      0.8240532590502423,
      0.22147964926151187,
      0.803075089712006,
      0.664274538629535
    ],
    "2": [
      0.857681433522914,
      0.21431054277154182,
      0.45504768863856637,
      0.7278241648405759,
      0.194171738670186
    ],
    "3": [
      0.892623964344421,
      0.3670706803006222,
      0.7170500961162573,
      0.943714519347557,
      0.6692110085899747
    ],
    "4": [
      0.5356684377096462,
      0.04236495153429376,
      0.25881447571410976,
      0.24733381332016768,
      0.5240954268031682
    ]
  }
}