{
  "label": 1,
  "edges": [
    [
      0,
      4
    ],
    [
      2,
      4
    ]
  ],
  "features": {
    "0": [
      0.7819669966406165,
      0.8678358769593041,
      0.27605964881230893,
      0.5741002545425795,
      0.8210824763608623
    ],
    "1": [
      0.9211716262225101,
      0.5382284472830373,
      0.1196960022106287,
      0.7397611710887282,
      0.7884483236939283
    ],
    "2": [
      0.49839993708438735,
      0.04233134793249149,
      0.755594598325962,
      0.10843770064268077,
      0.848059588348885
    ],
    "3": [
      0.6009504797519933,
      0.5919094329579454,
      0.07830887525054175,
      0.9220095301993635,
      0.997858880887905
    ],
    "4": [
      0.7400981863040981,
      0.04930300079406924,
      0.7424936981159742,
      0.7729760526167525,
      0.502479766543533
    ]
  }
}