{
  "label": 0,
  "edges": [
    [
      0,
      2
    ],
    [
      0,
      3
    ],
    [
      3,
      4
    ]
  ],
  "features": {
    "0": [
      0.7074778320316493,
      0.9086986634135475,
      0.6570808263435568,
      0.32511392274405004,
      0.14319939382751778
    ],
    "1": [
      0.7827154114288214,
      0.7288084904119492,
      0.3758907773255449,
      0.8560760591179614,
      0.6368102673866841
    ],
    "2": [
      0.03177617830826962,
      0.42091442275517144,
      0.7182415606768616,
      0.3525052685842732,
      0.20214619502843045
    ],
    "3": [
      0.8485804148366446,
      0.6719932531238566,
      0.3817973296967895,
      0.005176067514919724,
      0.45056700893719603
    ],
    "4": [
      0.6905898853402328,
      0.0718256478057292,
      0.11244176126526595,
      0.18431559917192708,
      0.6443615514629818
    ]
  }
}