{
  "label": 1,
  "edges": [
    [
      0,
      1
    ],
    [
      0,
      4
    ],
    [
      1,
      3
    ],
    [
      1,
      4
    ],
    [
      2,
      3
    ],
    [
      2,
      4
    ]
  ],
  "features": {
    "0": [
      0.217905137765405,
      0.1313739251676007,
      0.14474567361754065,
      0.8574377606047155,
      0.003318323398312395
    ],
    "1": [
      0.947825673308014,
      0.1877091709451726,
      0.28139648202242995,
      0.039754203398530086,
      0.9563364769948252
    ],
    "2": [
      0.2952658990717547,
      0.015696830875332468,
      0.5047417468994029,
      0.24584527119703792,
      0.9384574438800571
    ],
    "3": [
      0.6671253378158857,
      0.828138699033951,
      0.11160470973723657,
      0.5792081635567441,
      0.14831690888535698
    ],
    "4": [
      0.28860563429351205,
      0.6466444938280921,
      0.34287277311559994,
      0.4891063953302337,
      0.04661095360632794
    ]
  }
}