{
  "label": 1,
  "edges": [
    [
      0,
      1
    ],
    [
      0,
      4
    ],
    [
      1,
      3
    ],
    [
      1,
      4
    ],
    [
      3,
      4
    ]
  ],
  "features": {
    "0": [
      0.798411092504383,
      0.8426212818183691,
      0.2377356306852454,
      0.38011754536722875,
      0.4769892268712519
    ],
    "1": [
      0.3068976336554602,
      0.8359452205240321,
      0.40748107832813407,
      0.1612805810687069,
      0.7647231149520435
    ],
    "2": [
      0.4438758291286059,
      0.049925320819678154,
      0.3951279940273721,
      0.8660633375134001,
      0.5074061921968072
    ],
    "3": [
      0.3167578787077624,
      0.28176165239009576,
      0.5659521916169024,
      0.7861805999135393,
      0.9822225412502735
    ],
    "4": [
      0.7032054183092684,
      0.02143682912658751,
      0.48640698982792896,
      0.9917705383178739,
      0.3271810085852276
    ]
  }
}