{
  "label": 0,
  "edges": [
    [
      "0a",
      1
    ],
    [
      0,
      3
    ],
    [
      1,
      4
    ],
    [
      3,
      4
    ]
  ],
  "features": {
    "0": [
      0.8147403809069451,
      0.8880276263771663,
      0.4173191823177328,
      0.5894263919331372,
      0.793853514982476
    ],
    "1": [
      0.5798381635931802,
      0.8957055349317606,
      0.8354142194723495,
      0.17019713395868208,
      0.30376585286087154
    ],
    "2": [
      0.5893159224199841,
      0.6292187452488082,
      0.41557813093859053,
      0.014650917325060075,
      0.06452879357382046
    ],
    "3": [
      0.48184179722165776,
      0.03706688929757063,
      0.40253821525674194,
      0.4925665842029675,
      0.047523369139071625
    ],
    "4": [
      0.24092837872365858,
      0.7580377412775733,
      0.35646098165450313,
      0.42113049660345914,
      0.6253431784797208
    ]
  }
}