{
  "label": 0,
  "edges": [
    [
      0,
      1
    ],
    [
      0,
      4
    ],
    [
      1,
      2
    ],
    [
      2,
      3
    ]
  ],
  "features": {
    "0": [
      0.3896946712223718,
      0.013023020113953288,
      0.8703709159005053,
      0.2073375635190412,
      0.4943747552108976
    ],
    "1": [
      0.626866653833711,
      0.49153107919002437,
      0.6524878993226002,
      0.21759902167928535,
      0.8424546607834995
    ],
    "2": [
      0.9104965587000583,
      0.7546013413773701,
      0.34676490563339024,
      0.44851291310856234,
      0.5104373752708566
    ],
    "3": [
      0.9678370406288107,
      0.5470435925544936,
      0.4815112006167571,
      0.1680738640454934,
      0.05227915512537051
    ],
    "4": [
      0.996129577752244,
      0.8492405294687844,
      0.6561949930659597,
      0.8770733837280652,
      0.047493328650881295
    ]
  }
}